2018/05/02,4715058,82720787,17.20,18.10,17.00,17.05,0.05,1819,2617,台航
2018/05/03,956738,16057246,16.85,16.95,16.65,16.85,-0.20,432,2617,台航
2018/05/04,612524,10429630,17.00,17.30,16.90,16.95,0.10,287,2617,台航
2018/05/07,776401,13091336,17.15,17.25,16.70,16.75,-0.20,310,2617,台航
2018/05/08,605622,10082124,16.85,16.85,16.55,16.65,-0.10,230,2617,台航
2018/05/09,379759,6380026,16.75,16.95,16.75,16.90,0.25,195,2617,台航
2018/05/10,1547158,26696490,17.05,17.40,17.05,17.30,0.40,624,2617,台航
2018/05/11,891385,15302713,17.35,17.45,17.00,17.15,-0.15,354,2617,台航
2018/05/14,589300,9961020,17.25,17.25,16.80,16.90,-0.25,260,2617,台航
2018/05/15,440000,7453600,17.20,17.20,16.80,16.80,-0.10,172,2617,台航
2018/05/16,1170388,19489952,16.85,16.95,16.50,16.60,-0.20,535,2617,台航
2018/05/17,631996,10450633,16.60,16.60,16.50,16.55,-0.05,192,2617,台航
2018/05/18,395010,6548310,16.50,16.70,16.40,16.70,0.15,236,2617,台航
2018/05/21,264004,4437165,16.75,16.90,16.75,16.85,0.15,161,2617,台航
2018/05/22,381556,6467652,16.95,17.10,16.85,16.85,0.00,169,2617,台航
2018/05/23,208691,3501971,16.95,16.95,16.70,16.75,-0.10,122,2617,台航
2018/05/24,290276,4871608,16.75,16.90,16.70,16.80,0.05,121,2617,台航
2018/05/25,464400,7747059,16.85,16.85,16.65,16.65,-0.15,163,2617,台航
2018/05/28,242766,4032475,16.60,16.70,16.55,16.60,-0.05,114,2617,台航
2018/05/29,427145,7044028,16.55,16.60,16.40,16.40,-0.20,152,2617,台航
2018/05/30,550078,9008101,16.30,16.55,16.25,16.55,0.15,190,2617,台航
2018/05/31,541399,9036271,16.70,16.85,16.55,16.85,0.30,294,2617,台航
2018/06/01,534441,9055997,16.85,17.05,16.80,16.95,0.10,238,2617,台航
2018/06/04,476400,8103909,17.05,17.10,16.95,17.00,0.05,224,2617,台航
2018/06/05,439000,7463800,17.05,17.05,16.95,17.00,0.00,191,2617,台航
2018/06/06,512500,8751725,17.05,17.15,17.00,17.05,0.05,233,2617,台航
2018/06/07,325309,5578316,17.20,17.25,17.10,17.15,0.10,187,2617,台航
2018/06/08,1829551,32054953,17.25,17.65,17.25,17.35,0.20,658,2617,台航
2018/06/11,2568420,45724983,17.40,18.00,17.35,17.70,0.35,957,2617,台航
2018/06/12,797000,13979200,17.65,17.85,17.45,17.50,-0.20,261,2617,台航
2018/06/13,556547,9767167,17.65,17.75,17.45,17.50,0.00,205,2617,台航
2018/06/14,992145,17415164,17.75,17.80,17.40,17.40,-0.10,340,2617,台航
2018/06/15,566090,9838648,17.45,17.60,17.30,17.30,-0.10,191,2617,台航
2018/06/19,954500,16250299,17.30,17.35,16.80,16.90,-0.40,380,2617,台航
2018/06/20,453000,7625400,16.95,16.95,16.75,16.85,-0.05,174,2617,台航
2018/06/21,260000,4363250,16.85,16.90,16.70,16.75,-0.10,149,2617,台航
2018/06/22,282400,4693408,16.65,16.75,16.50,16.65,-0.10,150,2617,台航
2018/06/25,516000,8605500,16.65,16.85,16.65,16.75,0.10,93,2617,台航
2018/06/26,382200,6305170,16.65,16.65,16.40,16.55,-0.20,208,2617,台航
2018/06/27,201084,3337390,16.60,16.75,16.50,16.55,0.00,99,2617,台航
2018/06/28,471300,7699555,16.55,16.55,16.20,16.35,-0.20,207,2617,台航
2018/06/29,286300,4757090,16.50,16.75,16.40,16.75,0.40,132,2617,台航
2018/07/02,306100,5107115,16.80,16.85,16.60,16.70,-0.05,129,2617,台航
2018/07/03,251000,4175050,16.70,16.80,16.55,16.60,-0.10,114,2617,台航
2018/07/04,156815,2608687,16.65,16.70,16.55,16.60,0.00,56,2617,台航
2018/07/05,580131,9693150,16.70,16.85,16.55,16.80,0.20,213,2617,台航
2018/07/06,387000,6508800,16.95,16.95,16.65,16.70,-0.10,189,2617,台航
2018/07/09,142721,2393889,16.85,16.85,16.70,16.80,0.10,104,2617,台航
2018/07/10,279000,4685600,16.85,16.90,16.70,16.75,-0.05,164,2617,台航
2018/07/11,542000,8937850,16.70,16.70,16.40,16.50,-0.25,194,2617,台航
2018/07/12,368451,6048441,16.50,16.55,16.35,16.50,0.00,130,2617,台航
2018/07/13,327000,5395950,16.50,16.60,16.45,16.50,0.00,113,2617,台航
2018/07/16,410501,6839341,16.80,16.80,16.55,16.70,0.20,195,2617,台航
2018/07/17,3550557,61984946,16.95,17.80,16.95,17.50,0.80,1172,2617,台航
2018/07/18,1129300,19788635,17.65,17.70,17.35,17.45,-0.05,451,2617,台航
2018/07/19,421300,7343740,17.60,17.60,17.35,17.40,-0.05,194,2617,台航
2018/07/20,771680,13316262,17.45,17.50,17.15,17.25,-0.15,213,2617,台航
2018/07/23,470000,8155050,17.25,17.45,17.25,17.40,0.15,196,2617,台航
2018/07/24,7252396,133893708,17.50,19.00,17.50,18.75,1.35,2454,2617,台航
2018/07/25,3492260,65352184,18.70,19.00,18.40,18.45,-0.30,1253,2617,台航
2018/07/26,6436000,124108499,18.70,19.85,18.60,19.50,1.05,2395,2617,台航
2018/07/27,3493322,67711710,19.50,19.70,19.10,19.70,0.20,1470,2617,台航
2018/07/30,6968701,139496169,19.90,20.60,19.20,19.60,-0.10,3111,2617,台航
2018/07/31,2460100,48171978,19.55,20.00,19.30,19.30,-0.30,1015,2617,台航
2018/08/01,1330527,26056870,19.55,19.85,19.30,19.45,0.15,635,2617,台航
2018/08/02,2338425,45107229,19.45,19.80,18.85,19.20,-0.25,1075,2617,台航
2018/08/03,2097530,41048900,19.30,19.90,19.05,19.90,0.70,810,2617,台航
2018/08/06,4400510,88383925,20.00,20.45,19.75,20.25,0.35,1559,2617,台航
2018/08/07,2509090,50368145,20.40,20.45,19.65,19.90,-0.35,1035,2617,台航
2018/08/08,1221902,24203313,19.95,19.95,19.65,19.90,0.00,569,2617,台航
2018/08/09,744460,14713562,19.90,20.00,19.65,19.85,-0.05,349,2617,台航
2018/08/10,1246597,24749801,19.90,20.05,19.70,19.70,-0.15,625,2617,台航
2018/08/13,3094530,57921796,19.65,19.65,18.10,18.30,-1.40,1248,2617,台航
2018/08/14,1734674,32543822,18.60,19.25,18.40,19.10,0.80,714,2617,台航
2018/08/15,2805350,55070712,19.55,19.90,19.40,19.60,0.50,1240,2617,台航
2018/08/16,1543300,30118695,19.40,19.80,19.20,19.50,-0.10,628,2617,台航
2018/08/17,673441,13202964,19.65,19.75,19.50,19.65,0.15,334,2617,台航
2018/08/20,1162794,22547994,19.65,19.65,19.25,19.30,-0.35,491,2617,台航
2018/08/21,836596,16174782,19.25,19.45,19.20,19.45,0.15,448,2617,台航
2018/04/30,2750272,46474985,16.45,17.10,16.45,17.00,0.65,1035,2617,台航
2018/04/27,580706,9581089,16.75,16.75,16.35,16.35,-0.25,254,2617,台航
2018/04/26,2093801,35034814,16.55,16.95,16.35,16.60,0.25,712,2617,台航
2018/04/25,514534,8433428,16.30,16.55,16.20,16.35,0.00,209,2617,台航
2018/04/24,1999561,33216442,16.60,16.90,16.30,16.35,-0.10,643,2617,台航
2018/04/23,832400,13716839,16.25,16.60,16.25,16.45,0.40,400,2617,台航
2018/04/20,462600,7463169,16.15,16.25,16.05,16.05,0.15,246,2617,台航
2018/04/19,273021,4357982,15.75,16.05,15.75,15.90,0.15,153,2617,台航
2018/04/18,216544,3424567,15.85,16.00,15.75,15.75,0.00,121,2617,台航
2018/04/17,551400,8736510,15.95,16.10,15.70,15.75,-0.20,229,2617,台航
2018/04/16,401738,6462583,16.20,16.25,15.90,15.95,-0.25,153,2617,台航
2018/04/13,1015502,16542980,16.10,16.45,16.10,16.20,0.15,335,2617,台航
2018/04/12,472600,7589150,16.05,16.15,15.95,16.05,0.00,152,2617,台航
2018/04/11,1004447,16146791,15.85,16.20,15.85,16.05,0.25,335,2617,台航
2018/04/10,377103,5954826,15.60,15.90,15.60,15.80,0.20,174,2617,台航
2018/04/09,577252,9124430,15.95,16.05,15.60,15.60,-0.30,217,2617,台航
2018/04/03,317623,5042743,15.90,15.95,15.80,15.90,0.00,129,2617,台航
2018/04/02,562468,8926240,15.80,16.00,15.80,15.90,0.20,346,2617,台航
2018/03/31,1126300,17557110,15.35,15.90,15.35,15.70,0.65,389,2617,台航
2018/03/30,537000,8064349,15.00,15.15,15.00,15.05,0.05,155,2617,台航
2018/03/29,332000,4995450,15.05,15.15,15.00,15.00,-0.10,112,2617,台航
2018/03/28,186044,2812410,15.15,15.25,15.00,15.10,-0.05,111,2617,台航
2018/03/27,386446,5858334,15.15,15.30,15.05,15.15,0.10,160,2617,台航
2018/03/26,555329,8368485,15.05,15.20,14.95,15.05,-0.10,206,2617,台航
2018/03/23,473300,7200944,15.45,15.45,15.10,15.15,-0.35,191,2617,台航
2018/03/22,437001,6854865,15.70,15.85,15.50,15.50,-0.30,210,2617,台航
2018/03/21,463159,7364162,16.05,16.10,15.75,15.80,-0.25,325,2617,台航
2018/03/20,535259,8577044,16.00,16.15,15.90,16.05,0.00,159,2617,台航
2018/03/19,527634,8479594,16.10,16.20,15.85,16.05,0.05,145,2617,台航
2018/03/16,437659,6997244,16.10,16.10,15.90,16.00,-0.10,155,2617,台航
2018/03/15,1553300,24851300,15.75,16.15,15.70,16.10,0.35,422,2617,台航
2018/03/14,598115,9397311,15.60,15.85,15.60,15.75,0.15,123,2617,台航
2018/03/13,312445,4893391,15.75,15.75,15.55,15.60,-0.10,161,2617,台航
2018/03/12,292000,4591550,15.80,15.80,15.65,15.70,0.20,125,2617,台航
2018/03/09,243365,3779871,15.55,15.65,15.50,15.50,0.00,92,2617,台航
2018/03/08,403608,6228523,15.55,15.55,15.35,15.50,0.00,126,2617,台航
2018/03/07,175211,2722191,15.60,15.65,15.45,15.50,-0.10,74,2617,台航
2018/03/06,172000,2681000,15.55,15.65,15.55,15.60,0.20,59,2617,台航
2018/03/05,462000,7174250,15.70,15.75,15.40,15.40,-0.20,229,2617,台航
2018/03/02,245000,3837050,15.60,15.75,15.60,15.60,-0.15,141,2617,台航
2018/03/01,531936,8397980,15.70,15.90,15.55,15.75,0.05,196,2617,台航
2018/02/27,523001,8260065,15.75,16.00,15.60,15.70,0.10,271,2617,台航
2018/02/26,285511,4441169,15.50,15.65,15.50,15.60,0.15,159,2617,台航
2018/02/23,365540,5669969,15.40,15.60,15.40,15.45,0.10,151,2617,台航
2018/02/22,356454,5460745,15.10,15.45,15.05,15.35,0.25,172,2617,台航
2018/02/21,284736,4262040,14.80,15.15,14.80,15.10,0.45,159,2617,台航
2018/02/12,552095,8077200,14.70,14.90,14.55,14.65,0.10,239,2617,台航
2018/02/09,997364,14488394,14.50,14.65,14.40,14.55,-0.35,270,2617,台航
2018/02/08,270007,4032653,15.05,15.20,14.85,14.90,0.00,104,2617,台航
2018/02/07,751829,11348399,15.15,15.35,14.90,14.90,0.20,335,2617,台航
2018/02/06,2342298,35069460,15.10,15.65,14.55,14.70,-1.30,573,2617,台航
2018/02/05,512200,8178580,15.90,16.20,15.85,16.00,-0.30,221,2617,台航
2018/02/02,436000,7125150,16.45,16.45,16.30,16.30,-0.25,167,2617,台航
2018/02/01,324089,5357222,16.55,16.65,16.45,16.55,0.05,101,2617,台航
2018/01/31,269471,4420221,16.40,16.55,16.30,16.50,0.05,113,2617,台航
2018/01/30,651001,10760416,16.60,16.70,16.45,16.45,-0.15,189,2617,台航
2018/01/29,404753,6721572,16.80,16.85,16.50,16.60,-0.10,191,2617,台航
2018/01/26,364000,6090549,16.95,16.95,16.65,16.70,-0.20,156,2617,台航
2018/01/25,403500,6830574,16.90,17.00,16.85,16.90,0.10,145,2617,台航
2018/01/24,632458,10704344,16.90,17.00,16.80,16.80,-0.10,292,2617,台航
2018/01/23,974800,16463659,16.80,16.95,16.75,16.90,0.20,339,2617,台航
2018/01/22,672775,11179765,16.55,16.80,16.50,16.70,0.15,280,2617,台航
2018/01/19,511557,8486140,16.55,16.65,16.50,16.55,0.05,213,2617,台航
2018/01/18,481002,7906082,16.55,16.55,16.35,16.50,0.05,222,2617,台航
2018/01/17,389500,6408598,16.50,16.55,16.35,16.45,-0.05,228,2617,台航
2018/01/16,329307,5422983,16.50,16.55,16.40,16.50,-0.05,161,2617,台航
2018/01/15,649184,10663083,16.55,16.60,16.30,16.55,0.00,190,2617,台航
2018/01/12,666100,11064420,16.70,16.80,16.45,16.55,-0.15,228,2617,台航
2018/01/11,565430,9478730,16.80,16.90,16.70,16.70,0.00,138,2617,台航
2018/01/10,1193007,20020617,16.80,16.95,16.65,16.70,-0.10,270,2617,台航
2018/01/09,845100,14250830,16.85,16.95,16.80,16.80,-0.05,246,2617,台航
2018/01/08,516295,8711104,16.90,17.00,16.80,16.85,0.05,206,2617,台航
2018/01/05,891608,14890612,16.70,16.90,16.60,16.80,0.30,406,2617,台航
2018/01/04,578292,9582946,16.75,16.75,16.50,16.50,-0.15,218,2617,台航
2018/01/03,1451681,24396752,17.10,17.15,16.55,16.65,-0.45,483,2617,台航
2018/01/02,1239654,21023218,16.75,17.15,16.60,17.10,0.50,493,2617,台航
2017/12/29,602550,9968979,16.35,16.65,16.35,16.60,0.30,232,2617,台航
2017/12/28,717600,11764679,16.60,16.60,16.30,16.30,-0.05,264,2617,台航
2017/12/27,324039,5282684,16.15,16.45,16.15,16.35,0.20,121,2617,台航
2017/12/26,661000,10765950,16.40,16.40,16.15,16.15,-0.25,210,2617,台航
2017/12/25,471707,7732793,16.50,16.50,16.35,16.40,-0.15,216,2617,台航
2017/12/22,2541924,42205089,16.90,17.05,16.30,16.55,-0.35,683,2617,台航
2017/12/21,1259684,21418858,17.10,17.15,16.85,16.90,-0.20,331,2617,台航
2017/12/20,408500,7005474,17.15,17.25,17.10,17.10,-0.10,213,2617,台航
2017/12/19,832200,14255819,17.10,17.30,17.00,17.20,0.10,264,2617,台航
2017/12/18,765490,13173126,17.40,17.40,17.10,17.10,-0.30,275,2617,台航
2017/12/15,1015130,17682012,17.50,17.55,17.30,17.40,-0.30,305,2617,台航
2017/12/14,1002434,17794181,17.90,17.90,17.65,17.70,-0.10,317,2617,台航
2017/12/13,978880,17373120,17.55,17.95,17.55,17.80,0.25,359,2617,台航
2017/12/12,1688175,30212312,17.75,18.10,17.55,17.55,-0.15,628,2617,台航
2017/12/11,1418861,24951846,17.60,17.75,17.40,17.70,0.10,455,2617,台航
2017/12/08,1385403,24038502,17.60,17.65,16.90,17.60,0.20,561,2617,台航
2017/12/07,2721123,47524476,17.25,17.75,17.20,17.40,0.30,911,2617,台航
2017/12/06,2859575,49659802,17.90,17.90,16.80,17.10,-0.80,974,2617,台航
2017/12/05,6583260,118678102,18.20,18.45,17.30,17.90,-0.30,2270,2617,台航
2017/12/04,11159194,199179065,16.95,18.20,16.90,18.20,1.65,3119,2617,台航
2017/12/01,4139793,68713142,16.30,16.80,16.30,16.55,0.40,1263,2617,台航
2017/11/30,3154912,50857037,15.85,16.25,15.85,16.15,0.30,823,2617,台航
2017/11/29,521015,8223037,15.80,15.85,15.70,15.85,0.15,236,2617,台航
2017/11/28,734246,11619448,15.85,15.90,15.70,15.70,-0.10,239,2617,台航
2017/11/27,602408,9505895,15.70,15.90,15.65,15.80,0.15,252,2617,台航
2017/11/24,394784,6153141,15.60,15.65,15.50,15.65,0.20,140,2617,台航
2017/11/23,526475,8135738,15.50,15.55,15.40,15.45,-0.05,131,2617,台航
2017/11/22,325000,5029600,15.50,15.55,15.40,15.50,0.05,108,2617,台航
2017/11/21,537256,8302092,15.55,15.55,15.40,15.45,0.05,152,2617,台航
2017/11/20,248000,3824000,15.50,15.55,15.40,15.40,0.00,83,2617,台航
2017/11/17,293000,4519200,15.50,15.55,15.40,15.40,-0.05,105,2617,台航
2017/11/16,305288,4721642,15.55,15.55,15.40,15.45,-0.10,122,2617,台航
2017/11/15,912100,14191560,15.75,15.75,15.40,15.55,-0.20,248,2617,台航
2017/11/14,739712,11648184,15.85,15.85,15.60,15.75,0.15,279,2617,台航
2017/11/13,861134,13498514,15.55,15.85,15.45,15.60,0.15,257,2617,台航
2017/11/10,175000,2711450,15.55,15.60,15.45,15.45,0.00,85,2617,台航
2017/11/09,489609,7593016,15.55,15.65,15.40,15.45,-0.05,203,2617,台航
2017/11/08,314000,4863850,15.45,15.55,15.45,15.50,0.05,149,2617,台航
2017/11/07,369138,5703974,15.65,15.65,15.40,15.45,-0.10,142,2617,台航
2017/11/06,342180,5347398,15.75,15.75,15.50,15.55,-0.10,170,2617,台航
2017/11/03,350000,5456950,15.55,15.65,15.55,15.65,0.10,144,2617,台航
2017/11/02,282478,4400582,15.50,15.65,15.50,15.55,-0.05,142,2617,台航
2017/11/01,369446,5775634,15.70,15.70,15.60,15.60,0.00,154,2617,台航
2017/10/31,369000,5786100,15.70,15.75,15.60,15.60,0.10,186,2617,台航
2017/10/30,773147,12053327,15.50,15.75,15.45,15.50,0.00,229,2617,台航
2017/10/27,847031,13130777,15.50,15.55,15.45,15.50,0.05,247,2617,台航
2017/10/26,871788,13491933,15.50,15.65,15.40,15.45,-0.20,358,2617,台航
2017/10/25,1984206,31456662,16.05,16.10,15.65,15.65,-0.25,748,2617,台航
2017/10/24,1871438,29193540,15.40,15.95,15.30,15.90,0.50,585,2617,台航
2017/10/23,385500,5926124,15.40,15.45,15.30,15.40,0.05,190,2617,台航
2017/10/20,247181,3800828,15.50,15.50,15.30,15.35,-0.05,178,2617,台航
2017/10/19,663363,10250840,15.35,15.55,15.35,15.40,0.05,285,2617,台航
2017/10/18,1082186,16571004,15.20,15.45,15.15,15.35,0.25,456,2617,台航
2017/10/17,455975,6892925,15.15,15.25,15.05,15.10,0.10,224,2617,台航
2017/10/16,312683,4698945,15.20,15.20,14.95,15.00,0.00,151,2617,台航
2017/10/13,536208,8072320,15.10,15.15,15.00,15.00,0.10,225,2617,台航
2017/10/12,465000,6932650,15.05,15.05,14.85,14.90,-0.05,189,2617,台航
2017/10/11,448647,6759288,15.15,15.20,14.90,14.95,-0.15,208,2617,台航
2017/10/06,1204299,18417511,15.15,15.45,15.10,15.10,0.00,379,2617,台航
2017/10/05,686400,10306139,14.85,15.10,14.85,15.10,0.35,219,2617,台航
2017/10/03,402000,5916700,14.70,14.80,14.65,14.75,0.05,216,2617,台航
2017/10/02,147011,2158961,14.65,14.80,14.65,14.70,0.00,95,2617,台航
2017/09/30,192221,2821198,14.55,14.75,14.55,14.70,0.10,106,2617,台航
2017/09/29,1032200,14951340,14.60,14.65,14.40,14.60,-0.10,332,2617,台航
2017/09/28,1415338,20924768,15.05,15.05,14.60,14.70,-0.40,473,2617,台航
2017/09/27,482500,7342674,15.30,15.35,15.10,15.10,-0.10,199,2617,台航
2017/09/26,1503434,23739652,15.50,15.75,15.20,15.20,-0.25,319,2617,台航
2017/09/25,2178622,34215653,16.05,16.10,15.40,15.45,-0.45,653,2617,台航
2017/09/22,2787120,44702046,15.85,16.30,15.75,15.90,0.15,919,2617,台航
2017/09/21,609022,9594893,15.65,15.85,15.65,15.75,0.35,215,2617,台航
2017/09/20,537013,8338000,15.70,15.80,15.35,15.40,-0.25,175,2617,台航
2017/09/19,482000,7542400,15.55,15.75,15.55,15.65,0.10,208,2617,台航
2017/09/18,908200,14210989,15.75,15.80,15.55,15.55,-0.15,324,2617,台航
2017/09/15,628382,9915684,15.90,15.90,15.70,15.70,-0.10,254,2617,台航
2017/09/14,1447419,22829278,15.95,15.95,15.70,15.80,0.00,440,2617,台航
2017/09/13,1319753,20934571,16.15,16.15,15.75,15.80,-0.40,414,2617,台航
2017/09/12,2535200,40852687,16.05,16.25,15.95,16.20,0.45,716,2617,台航
2017/09/11,1813539,28694561,15.90,16.00,15.70,15.75,0.10,498,2617,台航
2017/09/08,1759124,27269475,15.30,15.65,15.30,15.65,0.55,699,2617,台航
2017/09/07,680000,10299800,15.10,15.25,15.05,15.10,0.15,288,2617,台航
2017/09/06,509300,7612400,14.75,15.10,14.75,14.95,0.20,203,2617,台航
2017/09/05,656409,9691072,14.70,14.85,14.70,14.75,0.10,193,2617,台航
2017/09/04,1433376,21243845,15.00,15.00,14.65,14.65,-0.35,376,2617,台航
2017/09/01,1080400,16329909,15.25,15.25,15.00,15.00,-0.25,320,2617,台航
2017/08/31,816325,12509556,15.35,15.45,15.25,15.25,-0.10,217,2617,台航
2017/08/30,664062,10234749,15.25,15.55,15.25,15.35,0.10,210,2617,台航
2017/08/29,928304,14163889,15.25,15.35,15.20,15.25,-0.05,233,2617,台航
2017/08/28,899025,13874930,15.45,15.65,15.25,15.30,-0.15,325,2617,台航
2017/08/25,2051141,31583125,15.30,15.50,15.15,15.45,0.35,630,2617,台航
2017/08/24,1012363,15215195,15.00,15.15,14.95,15.10,0.10,283,2617,台航
2017/08/23,1032000,15627900,15.30,15.30,15.00,15.00,-0.25,310,2617,台航
2017/08/22,1707212,25939231,15.25,15.45,14.90,15.25,0.05,580,2617,台航
2017/08/21,2094068,32043530,15.10,15.45,15.10,15.20,0.15,659,2617,台航
2017/08/18,3488589,52746362,14.80,15.40,14.70,15.05,0.20,1016,2617,台航
2017/08/17,3665952,54549885,14.75,15.05,14.70,14.85,0.35,1045,2617,台航
2017/08/16,5468544,80156609,14.00,15.05,14.00,14.50,0.50,1749,2617,台航
2017/08/15,558548,7806622,13.95,14.05,13.90,14.00,0.20,198,2617,台航
2017/08/14,1600351,22359004,13.90,14.15,13.80,13.80,0.10,437,2617,台航
2017/08/11,865100,11786480,13.55,13.75,13.55,13.70,0.05,143,2617,台航
2017/08/10,1272000,17444750,14.05,14.05,13.55,13.65,-0.20,182,2617,台航
2017/08/09,445454,6194682,14.00,14.00,13.85,13.85,-0.15,101,2617,台航
2017/08/08,723787,10191674,14.05,14.20,13.95,14.00,0.00,190,2617,台航
2017/08/07,767245,10748254,13.90,14.15,13.80,14.00,0.10,184,2617,台航
2017/08/04,263675,3652814,13.85,13.90,13.80,13.90,0.10,74,2617,台航
2017/08/03,122100,1687430,13.85,13.90,13.80,13.80,-0.05,41,2617,台航
2017/08/02,246316,3416860,14.00,14.00,13.80,13.85,-0.10,82,2617,台航
2017/08/01,282000,3935550,13.70,14.00,13.70,13.95,0.15,95,2617,台航
2017/07/31,130746,1798069,13.80,13.80,13.60,13.80,-0.05,45,2617,台航
2017/07/28,220000,3037500,13.75,13.90,13.70,13.85,0.15,75,2617,台航
2017/07/27,246200,3390509,13.70,13.85,13.70,13.70,-0.10,71,2617,台航
2017/07/26,738991,10205026,13.90,13.95,13.70,13.80,-0.10,104,2617,台航
2017/07/25,93433,1298535,13.90,13.95,13.85,13.90,0.00,47,2617,台航
2017/07/24,240200,3358700,14.10,14.10,13.90,13.90,-0.20,70,2617,台航
2017/07/21,816075,11397703,14.05,14.10,13.90,14.10,0.05,166,2617,台航
2017/07/20,268900,3777050,14.05,14.15,14.00,14.05,0.05,109,2617,台航
2017/07/19,687712,9676331,14.10,14.20,14.00,14.00,-0.05,154,2617,台航
2017/07/18,319099,4466636,14.10,14.15,13.95,14.05,-0.05,101,2617,台航
2017/07/17,767300,10826879,14.15,14.20,14.05,14.10,0.05,215,2617,台航
2017/07/14,1306121,18223244,13.85,14.05,13.85,14.05,0.25,303,2617,台航
2017/07/13,646875,8912636,13.70,13.85,13.70,13.80,0.10,131,2617,台航
2017/07/12,1212000,16587150,13.55,13.85,13.50,13.70,0.20,206,2617,台航
2017/07/11,300200,4048020,13.50,13.55,13.45,13.50,0.00,90,2617,台航
2017/07/10,186900,2525860,13.55,13.60,13.50,13.50,-0.05,59,2617,台航
2017/07/07,488208,6609758,13.55,13.60,13.50,13.55,-0.05,113,2617,台航
2017/07/06,177354,2415863,13.75,13.75,13.60,13.60,-0.15,62,2617,台航
2017/07/05,504327,6880244,13.75,13.80,13.55,13.75,0.00,167,2617,台航
2017/07/04,2154492,30189089,13.85,14.30,13.75,13.75,-0.05,672,2617,台航
2017/07/03,773400,10669880,13.75,13.85,13.70,13.80,0.20,255,2617,台航
2017/07/03,773400,10669880,13.75,13.85,13.70,13.80,0.20,255,2617,台航
2018/08/24,3225934,62958968,20.25,20.35,19.25,19.40,-0.75,1370,2617,台航
2018/08/23,9029407,187547526,20.60,21.50,20.05,20.15,-0.30,3401,2617,台航
2018/08/22,4558883,91654700,19.50,20.45,19.45,20.45,1.00,1757,2617,台航
2018/08/21,836596,16174782,19.25,19.45,19.20,19.45,0.15,448,2617,台航
2018/08/27,2479319,48601280,19.50,19.75,19.40,19.65,0.25,914,2617,台航
2018/08/28,2513100,47602284,19.10,19.20,18.75,18.85,0.00,1546,2617,台航
2018/08/29,925500,17296425,18.85,18.90,18.60,18.65,-0.20,410,2617,台航
2018/08/30,668600,12471479,18.75,18.75,18.60,18.65,0.00,294,2617,台航
2018/08/31,1000340,18443073,18.60,18.60,18.30,18.45,-0.20,374,2617,台航
2018/09/03,655758,12089932,18.45,18.55,18.35,18.35,-0.10,261,2617,台航
2018/09/04,891150,16327429,18.35,18.50,18.25,18.30,-0.05,488,2617,台航
2018/09/05,1326000,23911900,18.25,18.25,17.90,18.00,-0.30,501,2617,台航
2018/09/05,1326000,23911900,18.25,18.25,17.90,18.00,-0.30,501,2617,台航
2018/09/05,1333230,24042040,18.25,18.25,17.90,18.00,-0.30,509,2617,台航
2017/06/30,447706,6077381,13.60,13.70,13.40,13.60,0.05,133,2617,台航
2017/06/29,1462381,19929893,13.30,13.95,13.30,13.55,0.25,429,2617,台航
2017/06/28,260000,3459700,13.20,13.35,13.20,13.30,0.10,92,2617,台航
2017/06/27,266200,3535180,13.30,13.35,13.20,13.20,-0.10,100,2617,台航
2017/06/26,278104,3686122,13.25,13.30,13.20,13.30,0.10,138,2617,台航
2017/06/23,132925,1753017,13.20,13.25,13.15,13.20,0.00,47,2617,台航
2017/06/22,212350,2813018,13.35,13.35,13.20,13.20,-0.10,65,2617,台航
2017/06/21,312000,4115850,13.15,13.30,13.10,13.30,0.15,119,2617,台航
2017/06/20,250398,3277413,13.20,13.20,13.05,13.15,-0.05,64,2617,台航
2017/06/19,259000,3386750,13.25,13.25,13.00,13.20,-0.05,75,2617,台航
2017/06/16,328120,4320170,13.25,13.25,13.10,13.25,0.00,84,2617,台航
2017/06/15,293000,3833100,13.10,13.25,13.00,13.25,0.15,109,2617,台航
2017/06/14,903210,11941280,13.40,13.40,13.10,13.10,-0.30,216,2617,台航
2017/06/13,200428,2684992,13.35,13.45,13.35,13.40,0.10,71,2617,台航
2017/06/12,136000,1819300,13.35,13.40,13.30,13.30,0.00,67,2617,台航
2017/06/09,248000,3297850,13.30,13.40,13.25,13.30,0.00,88,2617,台航
2017/06/08,154228,2051582,13.40,13.40,13.25,13.30,-0.10,49,2617,台航
2017/06/07,638188,8597719,13.40,13.60,13.35,13.40,0.05,156,2617,台航
2017/06/06,269920,3583792,13.30,13.35,13.20,13.35,0.05,120,2617,台航
2017/06/05,350472,4643780,13.30,13.30,13.20,13.30,0.00,109,2617,台航
2017/06/03,482086,6400339,13.25,13.40,13.20,13.30,0.00,65,2617,台航
2017/06/02,170511,2261245,13.35,13.35,13.20,13.30,0.00,61,2617,台航
2017/06/01,408000,5402300,13.20,13.40,13.15,13.30,0.05,92,2617,台航
2017/05/31,559000,7416550,13.30,13.45,13.15,13.25,-0.05,107,2617,台航
2017/05/26,317874,4224836,13.20,13.35,13.20,13.30,0.10,134,2617,台航
2017/05/25,870261,11449019,13.00,13.30,12.95,13.20,0.20,229,2617,台航
2017/05/24,648000,8429100,12.95,13.15,12.95,13.00,0.00,163,2617,台航
2017/05/23,287265,3740468,13.20,13.20,13.00,13.00,-0.10,145,2617,台航
2017/05/22,661221,8657123,13.00,13.25,12.90,13.10,0.15,157,2617,台航
2017/05/19,1089084,14108281,12.90,13.10,12.85,12.95,0.10,199,2617,台航
2017/05/18,339225,4329091,12.65,12.90,12.65,12.85,0.05,86,2617,台航
2017/05/17,458200,5887580,12.90,13.00,12.80,12.80,-0.10,85,2617,台航
2017/05/16,352000,4510000,12.70,13.00,12.65,12.90,0.25,100,2617,台航
2017/05/15,419365,5299248,12.70,12.70,12.60,12.65,0.10,134,2617,台航
2017/05/12,333084,4195900,12.55,12.65,12.55,12.55,0.00,109,2617,台航
2017/05/11,192000,2410400,12.60,12.60,12.50,12.55,0.05,86,2617,台航
2017/05/10,350776,4396472,12.50,12.60,12.50,12.50,0.00,153,2617,台航
2017/05/09,346852,4362113,12.65,12.65,12.50,12.50,-0.10,108,2617,台航
2017/05/08,592120,7528304,12.65,12.85,12.60,12.60,-0.10,146,2617,台航
2017/05/05,221000,2790850,12.70,12.75,12.55,12.70,0.00,70,2617,台航
2017/05/04,489363,6168473,12.70,12.70,12.50,12.70,0.10,99,2617,台航
2017/05/03,91003,1151836,12.75,12.80,12.60,12.60,-0.15,41,2617,台航
2017/05/02,380315,4837349,12.65,12.80,12.60,12.75,0.10,74,2617,台航
2017/04/28,246060,3130505,12.80,12.80,12.65,12.65,-0.05,68,2617,台航
2017/04/27,150051,1899447,12.75,12.75,12.60,12.70,0.00,58,2617,台航
2017/04/26,161000,2038450,12.70,12.75,12.60,12.70,0.10,76,2617,台航
2017/04/25,155000,1956100,12.60,12.70,12.60,12.60,0.05,67,2617,台航
2017/04/24,127622,1604193,12.60,12.65,12.50,12.55,-0.05,55,2617,台航
2017/04/21,695118,8730330,12.55,12.75,12.50,12.60,0.10,112,2617,台航
2017/04/20,648152,8149499,12.50,12.70,12.50,12.50,-0.05,142,2617,台航
2017/04/19,362684,4583750,12.75,12.75,12.55,12.55,-0.30,116,2617,台航
2017/04/18,434000,5570300,12.70,12.95,12.70,12.85,0.20,100,2617,台航
2017/04/17,464010,5899974,12.75,12.80,12.65,12.65,-0.15,104,2617,台航
2017/04/14,710010,9177778,13.05,13.10,12.80,12.80,-0.25,163,2617,台航
2017/04/13,347704,4548902,12.95,13.25,12.95,13.05,0.10,113,2617,台航
2017/04/12,587231,7600555,12.90,13.10,12.90,12.95,0.00,179,2617,台航
2017/04/11,641540,8335343,13.20,13.20,12.90,12.95,-0.15,210,2617,台航
2017/04/10,482115,6291455,13.20,13.20,13.00,13.10,-0.10,185,2617,台航
2017/04/07,969307,12762800,13.40,13.40,13.10,13.20,-0.10,247,2617,台航
2017/04/06,512001,6829063,13.50,13.50,13.30,13.30,-0.15,174,2617,台航
2017/04/05,334901,4527519,13.35,13.60,13.35,13.45,-0.05,144,2617,台航
2017/03/31,527097,7090750,13.60,13.65,13.35,13.50,0.00,160,2617,台航
2017/03/30,635015,8632445,13.70,13.80,13.50,13.50,-0.15,170,2617,台航
2017/03/29,1354342,18509126,13.45,13.85,13.40,13.65,0.25,419,2617,台航
2017/03/28,847506,11354477,13.55,13.55,13.20,13.40,-0.05,252,2617,台航
2017/03/27,769020,10342865,13.45,13.55,13.35,13.45,0.00,273,2617,台航
2017/03/24,472111,6358354,13.60,13.60,13.45,13.45,-0.20,136,2617,台航
2017/03/23,750444,10146712,13.55,13.65,13.45,13.65,0.10,241,2617,台航
2017/03/22,1393200,18937970,13.80,13.80,13.50,13.55,-0.30,341,2617,台航
2017/03/21,430553,5982581,14.00,14.00,13.85,13.85,-0.15,131,2617,台航
2017/03/20,655174,9156012,14.05,14.10,13.90,14.00,0.05,170,2617,台航
2017/03/17,740000,10437650,14.00,14.25,13.95,13.95,0.00,264,2617,台航
2017/03/16,478000,6673900,14.05,14.05,13.85,13.95,0.00,170,2617,台航
2017/03/15,286127,3964371,13.85,13.95,13.80,13.95,0.10,109,2617,台航
2017/03/14,590511,8244777,13.80,14.10,13.75,13.85,0.15,205,2617,台航
2017/03/13,503126,6921174,13.80,13.90,13.70,13.70,-0.10,148,2617,台航
2017/03/10,1091250,15014824,13.85,13.95,13.70,13.80,-0.05,244,2617,台航
2017/03/09,551778,7661975,14.15,14.15,13.80,13.85,-0.20,187,2617,台航
2017/03/08,1078000,15231950,14.15,14.35,14.00,14.05,0.10,364,2617,台航
2017/03/07,495020,6903878,13.95,14.10,13.85,13.95,0.10,165,2617,台航
2017/03/06,769100,10593930,13.75,13.85,13.70,13.85,0.15,184,2617,台航
2017/03/03,641291,8829365,13.75,13.85,13.70,13.70,-0.05,189,2617,台航
2017/03/02,1369289,19084136,14.25,14.30,13.70,13.75,-0.35,453,2617,台航
2017/03/01,1022101,14493883,14.30,14.35,14.10,14.10,-0.15,337,2617,台航
2017/02/24,1945056,27915743,14.35,14.50,14.25,14.25,0.05,570,2617,台航
2017/02/23,1315672,18755774,14.45,14.45,14.10,14.20,-0.15,473,2617,台航
2017/02/22,5080383,73069673,14.00,14.70,14.00,14.35,0.35,1368,2617,台航
2017/02/21,1855488,26110132,14.05,14.30,13.85,14.00,0.00,599,2617,台航
2017/02/20,2967565,41912666,13.85,14.25,13.85,14.00,0.20,844,2617,台航
2017/02/18,1438098,19844492,13.80,13.95,13.70,13.80,0.10,402,2617,台航
2017/02/17,1237300,16912380,13.85,13.85,13.55,13.70,-0.10,306,2617,台航
2017/02/16,2122420,29329495,14.15,14.15,13.65,13.80,-0.35,676,2617,台航
2017/02/15,6009157,83670758,13.15,14.30,13.15,14.15,1.05,1909,2617,台航
2017/02/14,625000,8188700,13.15,13.20,13.05,13.10,-0.05,166,2617,台航
2017/02/13,816500,10722274,13.10,13.20,13.05,13.15,0.05,223,2617,台航
2017/02/10,1178133,15462685,13.10,13.25,13.05,13.10,0.05,288,2617,台航
2017/02/09,618168,8128834,13.30,13.30,13.05,13.05,-0.10,199,2617,台航
2017/02/08,1134500,14909250,13.10,13.20,13.10,13.15,0.05,284,2617,台航
2017/02/07,651010,8478836,13.10,13.10,12.95,13.10,0.00,218,2617,台航
2017/02/06,1310200,17265039,13.10,13.30,13.10,13.10,0.10,341,2617,台航
2017/02/03,672222,8698758,12.90,13.05,12.90,13.00,0.15,222,2617,台航
2017/02/02,602200,7698590,12.85,12.85,12.70,12.85,0.15,188,2617,台航
2017/01/24,562433,7185755,12.75,12.85,12.70,12.70,-0.05,150,2617,台航
2017/01/23,427000,5446150,12.75,12.80,12.70,12.75,0.00,113,2617,台航
2017/01/20,392276,5012717,12.95,12.95,12.70,12.75,-0.10,133,2617,台航
2017/01/19,2005982,25627669,12.60,13.00,12.50,12.85,0.25,561,2617,台航
2017/01/18,322072,4045000,12.55,12.60,12.50,12.60,0.05,159,2617,台航
2017/01/17,338274,4244588,12.55,12.60,12.50,12.55,-0.05,88,2617,台航
2017/01/16,357025,4479912,12.65,12.65,12.50,12.60,0.05,110,2617,台航
2017/01/13,317543,3979337,12.60,12.60,12.50,12.55,-0.05,72,2617,台航
2017/01/12,389600,4892700,12.55,12.65,12.50,12.60,0.10,78,2617,台航
2017/01/11,565000,7077750,12.50,12.65,12.45,12.50,0.00,175,2617,台航
2017/01/10,424000,5289100,12.40,12.60,12.40,12.50,0.05,88,2617,台航
2017/01/09,266000,3317800,12.55,12.55,12.45,12.45,-0.10,77,2617,台航
2017/01/06,225772,2817699,12.50,12.55,12.40,12.55,0.05,94,2617,台航
2017/01/05,436000,5416650,12.30,12.50,12.30,12.50,0.15,134,2617,台航
2017/01/04,187000,2307900,12.40,12.40,12.30,12.35,-0.05,70,2617,台航
2017/01/03,327000,4044750,12.30,12.45,12.30,12.40,0.10,105,2617,台航
2016/12/30,250500,3061699,12.20,12.30,12.15,12.30,0.10,94,2617,台航
2016/12/29,202000,2466250,12.30,12.30,12.20,12.20,-0.10,68,2617,台航
2016/12/28,300089,3683048,12.25,12.35,12.25,12.30,0.05,91,2617,台航
2016/12/27,271328,3323801,12.40,12.40,12.20,12.25,-0.05,72,2617,台航
2016/12/26,208251,2565224,12.35,12.35,12.25,12.30,-0.05,73,2617,台航
2016/12/23,302001,3721512,12.40,12.40,12.30,12.35,-0.05,99,2617,台航
2016/12/22,354000,4383200,12.50,12.55,12.30,12.40,-0.10,104,2617,台航
2016/12/21,289500,3589924,12.30,12.50,12.30,12.50,0.20,105,2617,台航
2016/12/20,399076,4940625,12.50,12.50,12.30,12.30,-0.20,162,2617,台航
2016/12/19,284408,3555450,12.45,12.55,12.45,12.50,-0.05,85,2617,台航
2016/12/16,323048,4037352,12.50,12.55,12.45,12.55,0.05,116,2617,台航
2016/12/15,373000,4652700,12.45,12.55,12.45,12.50,0.05,199,2617,台航
2016/12/14,740101,9287152,12.65,12.65,12.45,12.45,-0.15,253,2617,台航
2016/12/13,653446,8242174,12.55,12.70,12.55,12.60,0.05,230,2617,台航
2016/12/12,1042012,13265450,12.90,12.90,12.55,12.55,-0.35,268,2617,台航
2016/12/09,497000,6399050,12.85,12.95,12.80,12.90,-0.10,132,2617,台航
2016/12/08,519355,6734746,12.95,13.00,12.90,13.00,0.10,124,2617,台航
2016/12/07,600040,7790512,13.05,13.05,12.90,12.90,-0.15,138,2617,台航
2016/12/06,811974,10555613,12.90,13.05,12.90,13.05,0.05,182,2617,台航
2016/12/05,461000,5965200,13.05,13.05,12.90,13.00,0.00,171,2617,台航
2016/12/02,585300,7589720,12.95,13.20,12.85,13.00,0.00,179,2617,台航
2016/12/01,1009160,13114345,13.10,13.15,12.90,13.00,-0.10,263,2617,台航
2016/11/30,712100,9308660,13.25,13.30,13.00,13.10,-0.05,216,2617,台航
2016/11/29,1032010,13580231,13.20,13.30,13.05,13.15,0.00,292,2617,台航
2016/11/28,910068,11991085,13.20,13.40,13.00,13.15,0.10,381,2617,台航
2016/11/25,1146818,14894960,13.20,13.20,12.85,13.05,-0.15,351,2617,台航
2016/11/24,884500,11616999,13.20,13.30,13.05,13.20,0.00,233,2617,台航
2016/11/23,971739,12855929,13.30,13.40,13.15,13.20,-0.20,280,2617,台航
2016/11/22,1425086,18923839,13.45,13.45,13.20,13.40,-0.15,414,2617,台航
2016/11/21,2143168,28937426,13.60,13.85,13.30,13.55,0.00,667,2617,台航
2016/11/18,3937427,53933814,13.60,13.90,13.50,13.55,0.30,1308,2617,台航
2016/11/17,3931613,51496632,12.90,13.30,12.80,13.25,0.65,1228,2617,台航
2016/11/16,1230013,15719212,12.80,13.05,12.60,12.60,-0.05,324,2617,台航
2016/11/15,1297200,16414420,12.80,12.90,12.55,12.65,-0.15,410,2617,台航
2016/11/14,5416450,69386413,12.50,13.05,12.40,12.80,0.60,1685,2617,台航
2016/11/11,1653227,20047530,11.90,12.35,11.80,12.20,0.45,516,2617,台航
2016/11/10,715837,8470891,11.65,12.00,11.65,11.75,0.30,282,2617,台航
2016/11/09,422381,4830040,11.60,11.65,11.30,11.45,-0.05,185,2617,台航
2016/11/08,347000,3998200,11.65,11.65,11.45,11.50,-0.05,120,2617,台航
2016/11/07,230000,2645850,11.40,11.60,11.40,11.55,0.15,77,2617,台航
2016/11/04,192954,2204669,11.50,11.50,11.40,11.40,-0.10,96,2617,台航
2016/11/03,176000,2028050,11.60,11.60,11.45,11.50,-0.05,95,2617,台航
2016/11/02,496000,5769300,11.85,11.85,11.50,11.55,-0.20,179,2617,台航
2016/11/01,139001,1637362,11.85,11.85,11.75,11.75,0.00,59,2617,台航
2016/10/31,394700,4652293,11.85,11.85,11.75,11.75,-0.10,164,2617,台航
2016/10/28,224744,2667579,11.90,11.90,11.85,11.85,-0.05,112,2617,台航
2016/10/27,248000,2956900,12.00,12.00,11.90,11.90,-0.10,77,2617,台航
2016/10/26,168000,2016150,12.05,12.05,11.95,12.00,-0.05,76,2617,台航
2016/10/25,217631,2619372,12.05,12.10,12.00,12.05,0.10,77,2617,台航
2016/10/24,162576,1947130,11.95,12.00,11.95,11.95,0.00,59,2617,台航
2016/10/21,246647,2951148,12.00,12.05,11.90,11.95,0.00,153,2617,台航
2016/10/20,217310,2595089,11.90,12.00,11.90,11.95,0.05,85,2617,台航
2016/10/19,289000,3431300,11.85,11.95,11.85,11.90,0.00,80,2617,台航
2016/10/18,102128,1215473,11.90,11.95,11.85,11.90,0.00,54,2617,台航
2016/10/17,222084,2641148,11.90,11.95,11.85,11.90,0.00,78,2617,台航
2016/10/14,237999,2840038,12.00,12.00,11.90,11.90,-0.05,148,2617,台航
2016/10/13,523314,6267535,12.05,12.10,11.90,11.95,-0.10,140,2617,台航
2016/10/12,154964,1869618,12.10,12.15,12.05,12.05,-0.05,80,2617,台航
2016/10/11,324429,3941048,12.30,12.30,12.10,12.10,-0.10,100,2617,台航
2016/10/07,283455,3459653,12.25,12.25,12.15,12.20,0.00,92,2617,台航
2016/10/06,229100,2798620,12.30,12.30,12.15,12.20,0.05,69,2617,台航
2016/10/05,224374,2734323,12.25,12.25,12.15,12.15,-0.10,80,2617,台航
2016/10/04,340000,4165150,12.25,12.30,12.20,12.25,0.10,105,2617,台航
2016/10/03,281546,3434655,12.25,12.25,12.15,12.15,-0.10,143,2617,台航
2016/09/30,447819,5506941,12.40,12.40,12.20,12.25,-0.15,170,2617,台航
2016/09/29,340000,4234400,12.55,12.55,12.40,12.40,-0.15,109,2617,台航
2016/09/26,691046,8729681,12.75,12.75,12.55,12.55,-0.20,238,2617,台航
2016/09/23,1258542,16014682,12.40,13.00,12.40,12.75,0.50,441,2617,台航
2016/09/22,313398,3844444,12.20,12.30,12.20,12.25,0.00,147,2617,台航
2016/09/21,370600,4511020,12.20,12.30,12.10,12.25,0.15,159,2617,台航
2016/09/20,193289,2350245,12.20,12.25,12.10,12.10,-0.05,100,2617,台航
2016/09/19,184000,2242350,12.20,12.25,12.10,12.15,0.00,82,2617,台航
2016/09/14,216000,2631450,12.20,12.25,12.10,12.15,0.00,73,2617,台航
2016/09/13,325150,3963737,12.25,12.25,12.15,12.15,-0.05,78,2617,台航
2016/09/12,226050,2760715,12.20,12.25,12.15,12.20,0.00,81,2617,台航
2016/09/10,260719,3204492,12.25,12.35,12.20,12.20,-0.05,83,2617,台航
2016/09/09,263000,3236100,12.45,12.45,12.25,12.25,-0.15,99,2617,台航
2016/09/08,314000,3875900,12.35,12.40,12.30,12.40,0.05,103,2617,台航
2016/09/07,785224,9627888,12.15,12.35,12.15,12.35,0.20,198,2617,台航
2016/09/06,183411,2228121,12.15,12.20,12.10,12.15,-0.05,71,2617,台航
2016/09/05,295520,3618041,12.25,12.30,12.20,12.20,-0.05,103,2617,台航
2016/09/02,581000,7180150,12.40,12.50,12.25,12.25,-0.05,206,2617,台航
2016/09/01,1295725,15858490,12.00,12.40,11.95,12.30,0.30,382,2617,台航
2016/08/31,350346,4186352,11.90,12.00,11.85,12.00,0.05,129,2617,台航
2016/08/30,231582,2765824,11.90,12.00,11.90,11.95,0.05,86,2617,台航
2016/08/29,297259,3541367,11.95,12.05,11.90,11.90,-0.10,197,2617,台航
2016/08/26,232200,2783040,12.10,12.10,11.90,12.00,-0.05,72,2617,台航
2016/08/25,228945,2750331,11.90,12.10,11.90,12.05,0.10,91,2617,台航
2016/08/24,215097,2577108,11.95,12.05,11.90,11.95,0.00,70,2617,台航
2016/08/22,232649,2784108,12.00,12.05,11.90,11.90,-0.05,100,2617,台航
2016/08/19,361514,4348515,12.10,12.20,11.95,11.95,-0.15,120,2617,台航
2016/08/18,279570,3392040,12.20,12.20,12.05,12.10,0.00,103,2617,台航
2016/08/17,395226,4836029,12.20,12.30,12.15,12.30,0.10,152,2617,台航
2016/08/16,257500,3141321,12.20,12.25,12.15,12.20,0.00,70,2617,台航
2016/08/15,214000,2603100,12.10,12.20,12.10,12.20,0.00,72,2617,台航
2016/08/12,251168,3047382,12.15,12.20,12.05,12.20,0.05,104,2617,台航
2016/08/11,216927,2636415,12.20,12.20,12.10,12.15,-0.05,95,2617,台航
2016/08/10,236778,2888113,12.15,12.25,12.15,12.20,0.00,91,2617,台航
2016/08/09,204200,2495300,12.30,12.30,12.20,12.20,-0.10,71,2617,台航
2016/08/08,303000,3696150,12.20,12.30,12.15,12.30,0.10,90,2617,台航
2016/08/05,179056,2190938,12.25,12.30,12.20,12.20,0.00,64,2617,台航
2016/08/04,231000,2814200,12.20,12.20,12.15,12.20,0.00,118,2617,台航
2016/08/03,200479,2450345,12.20,12.30,12.20,12.20,-0.05,94,2617,台航
2016/08/02,139000,1705850,12.30,12.30,12.25,12.25,-0.05,46,2617,台航
2016/08/01,136000,1672200,12.40,12.40,12.20,12.30,-0.10,63,2617,台航
2016/07/29,496363,6063614,12.20,12.40,12.10,12.40,0.15,173,2617,台航
2016/07/28,274000,3367050,12.30,12.35,12.25,12.25,-0.05,97,2617,台航
2016/07/27,176841,2181443,12.35,12.40,12.30,12.30,-0.05,78,2617,台航
2016/07/26,182557,2261684,12.45,12.45,12.35,12.35,-0.10,67,2617,台航
2016/07/25,199977,2491563,12.60,12.60,12.40,12.45,-0.10,73,2617,台航
2016/07/22,268181,3356503,12.55,12.60,12.45,12.55,0.00,86,2617,台航
2016/07/21,557587,6990553,12.35,12.60,12.35,12.55,0.15,248,2617,台航
2016/07/20,370682,4584255,12.40,12.40,12.30,12.40,0.00,141,2617,台航
2016/07/19,303590,3750485,12.35,12.40,12.30,12.40,0.00,115,2617,台航
2016/07/18,437310,5384113,12.30,12.40,12.20,12.40,0.05,162,2617,台航
2016/07/15,335949,4151272,12.40,12.45,12.30,12.35,0.00,137,2617,台航
2016/07/14,438048,5403640,12.15,12.40,12.15,12.35,0.15,175,2617,台航
2016/07/13,267706,3254527,12.20,12.25,12.10,12.20,0.00,143,2617,台航
2016/07/12,240183,2911673,12.10,12.20,12.05,12.20,0.10,118,2617,台航
2016/07/11,275009,3335359,12.30,12.30,12.10,12.10,-0.05,119,2617,台航
2016/07/07,151452,1840014,12.20,12.20,12.10,12.15,0.00,61,2617,台航
2016/07/06,224311,2727528,12.25,12.30,12.05,12.15,-0.10,100,2617,台航
2016/07/05,271013,3339859,12.50,12.50,12.25,12.25,-0.10,114,2617,台航
2016/07/04,549299,6816117,12.40,12.50,12.30,12.35,0.25,233,2617,台航
2016/07/01,256125,3113293,12.10,12.20,12.05,12.10,0.00,103,2617,台航
2016/06/30,274600,3328000,12.10,12.20,12.05,12.10,0.00,103,2617,台航
2016/06/29,213264,2577800,11.90,12.20,11.90,12.10,0.20,81,2617,台航
2016/06/28,37000,441650,11.90,11.95,11.90,11.90,0.00,19,2617,台航
2016/06/27,169678,2021867,11.85,12.05,11.85,11.90,-0.05,71,2617,台航
2016/06/24,282586,3396090,12.25,12.25,11.90,11.95,-0.15,127,2617,台航
2016/06/23,134605,1630019,12.15,12.15,12.05,12.10,-0.05,65,2617,台航
2016/06/22,192342,2342055,12.10,12.25,12.10,12.15,0.00,93,2617,台航
2016/06/21,90674,1098652,12.20,12.20,12.05,12.15,0.05,54,2617,台航
2016/06/20,124300,1507380,12.00,12.20,12.00,12.10,0.10,56,2617,台航
2016/06/17,131302,1579139,12.00,12.10,12.00,12.00,0.00,54,2617,台航
2016/06/16,128158,1543419,12.10,12.10,12.00,12.00,-0.15,57,2617,台航
2016/06/15,95655,1157075,12.05,12.15,12.05,12.15,0.05,41,2617,台航
2016/06/14,87000,1051650,12.00,12.15,12.00,12.10,0.00,23,2617,台航
2016/06/13,269007,3225785,12.20,12.20,11.85,12.10,-0.20,98,2617,台航
2016/06/08,128836,1571649,12.15,12.30,12.15,12.30,0.15,62,2617,台航
2016/06/07,59150,720322,12.20,12.20,12.15,12.15,0.00,35,2617,台航
2016/06/06,160956,1959666,12.15,12.25,12.10,12.15,-0.05,67,2617,台航
2016/06/04,122832,1498266,12.25,12.30,12.15,12.20,-0.10,56,2617,台航
2016/06/03,52000,639750,12.30,12.35,12.25,12.30,0.00,29,2617,台航
2016/06/02,115000,1427200,12.55,12.55,12.30,12.30,-0.20,58,2617,台航
2016/06/01,396002,4930525,12.30,12.55,12.25,12.50,0.20,168,2617,台航
2016/05/31,111000,1364450,12.30,12.35,12.25,12.30,0.00,50,2617,台航
2016/05/30,154168,1888416,12.40,12.40,12.20,12.30,0.10,52,2617,台航
2016/05/27,67200,821330,12.25,12.25,12.15,12.20,-0.05,50,2617,台航
2016/05/26,114000,1392400,12.10,12.25,12.10,12.25,0.15,51,2617,台航
2016/05/25,235127,2852392,12.20,12.30,12.05,12.10,0.00,86,2617,台航
2016/05/24,310100,3779159,12.50,12.60,12.05,12.10,-0.15,139,2617,台航
2016/05/23,184004,2264600,12.30,12.40,12.25,12.25,0.05,86,2617,台航
2016/05/20,76000,929500,12.30,12.30,12.15,12.20,-0.05,35,2617,台航
2016/05/19,107010,1312071,12.35,12.40,12.20,12.25,-0.15,55,2617,台航
2016/05/18,80000,994750,12.55,12.55,12.35,12.40,-0.15,24,2617,台航
2016/05/17,97000,1206150,12.15,12.60,12.15,12.55,0.35,46,2617,台航
2016/05/16,126000,1533200,12.00,12.35,12.00,12.20,0.10,70,2617,台航
2016/05/13,311000,3764800,12.25,12.30,12.05,12.10,-0.15,108,2617,台航
2016/05/12,227000,2792350,12.55,12.55,12.20,12.25,-0.35,93,2617,台航
2016/05/11,72001,907162,12.55,12.60,12.55,12.60,-0.05,41,2617,台航
2016/05/10,70500,884100,12.30,12.65,12.30,12.65,0.25,26,2617,台航
2016/05/09,127000,1580750,12.50,12.80,12.40,12.40,-0.10,61,2617,台航
2016/05/06,350097,4382721,12.60,12.65,12.40,12.50,-0.15,103,2617,台航
2016/05/05,214000,2705250,12.60,12.70,12.60,12.65,-0.05,70,2617,台航
2016/05/04,326259,4167451,13.00,13.00,12.65,12.70,-0.30,136,2617,台航
2016/05/03,154168,2021384,13.45,13.45,13.00,13.00,-0.35,77,2617,台航
2016/04/29,192280,2563364,13.50,13.50,13.20,13.35,-0.15,87,2617,台航
2016/04/28,204279,2758379,13.75,13.75,13.35,13.50,-0.10,98,2617,台航
2016/04/27,290631,3976718,13.80,13.85,13.60,13.60,-0.20,148,2617,台航
2016/04/26,454001,6346513,13.75,14.25,13.75,13.80,0.05,186,2617,台航
2016/04/25,199710,2739726,13.65,13.90,13.60,13.75,0.10,100,2617,台航
2016/04/22,123003,1687689,13.80,13.80,13.65,13.65,-0.15,61,2617,台航
2016/04/21,161200,2229900,13.65,13.90,13.65,13.80,0.05,76,2617,台航
2016/04/20,313265,4368921,14.10,14.20,13.75,13.75,-0.35,182,2617,台航
2016/04/19,289395,4102830,14.30,14.40,14.00,14.10,-0.15,132,2617,台航
2016/04/18,453591,6561259,14.25,14.75,14.25,14.25,0.00,197,2617,台航
2016/04/15,355553,5099502,14.35,14.50,14.20,14.25,0.00,167,2617,台航
2016/04/14,1396500,20042075,14.05,14.60,14.00,14.25,0.40,562,2617,台航
2016/04/13,616500,8480875,13.50,13.85,13.50,13.85,0.40,305,2617,台航
2016/04/12,192420,2598420,13.45,13.60,13.40,13.45,0.05,107,2617,台航
2016/04/11,211000,2843650,13.55,13.65,13.40,13.40,-0.15,103,2617,台航
2016/04/08,245001,3306163,13.50,13.65,13.40,13.55,0.10,125,2617,台航
2016/04/07,318223,4298598,13.65,13.70,13.40,13.45,-0.10,154,2617,台航
2016/04/06,334000,4549650,13.55,13.80,13.45,13.55,0.00,166,2617,台航
2016/04/01,152003,2073489,13.70,13.75,13.55,13.55,-0.25,79,2617,台航
2016/03/31,471000,6416700,13.85,13.85,13.40,13.80,0.05,195,2617,台航
2016/03/30,166200,2285740,13.90,13.90,13.70,13.75,-0.05,108,2617,台航
2016/03/29,272000,3743050,14.00,14.00,13.70,13.80,-0.10,135,2617,台航
2016/03/28,226000,3146650,14.10,14.15,13.80,13.90,-0.20,121,2617,台航
2016/03/25,363000,5108350,14.25,14.25,13.95,14.10,-0.05,157,2617,台航
2016/03/24,297000,4213350,14.30,14.35,14.15,14.15,-0.10,125,2617,台航
2016/03/23,1018000,14723950,14.35,14.75,14.20,14.25,-0.10,323,2617,台航
2016/03/22,747000,10770500,14.60,14.70,14.20,14.35,0.20,314,2617,台航
2016/03/21,579693,8186878,14.10,14.25,14.05,14.15,-0.20,236,2617,台航
2016/03/18,2340291,33371075,14.65,14.70,14.00,14.35,-0.25,597,2617,台航
2016/03/17,972000,14335000,15.15,15.20,14.50,14.60,-0.40,375,2617,台航
2016/03/16,746500,11132150,14.80,15.10,14.70,15.00,0.30,310,2617,台航
2016/03/15,1094377,16708367,15.70,15.85,14.70,14.70,-0.95,476,2617,台航
2016/03/14,1350778,21588973,16.10,16.40,15.65,15.65,-0.45,521,2617,台航
2016/03/11,881100,13989924,15.65,16.15,15.65,16.10,0.40,463,2617,台航
2016/03/10,1040653,16448049,16.20,16.20,15.65,15.70,-0.45,411,2617,台航
2016/03/09,3261493,52560733,16.25,16.50,15.80,16.15,-0.05,1267,2617,台航
2016/03/08,3082317,48999885,14.95,16.20,14.90,16.20,1.45,1116,2617,台航
2016/03/07,492893,7368254,14.85,15.20,14.75,14.75,-0.05,276,2617,台航
2016/03/04,473400,7055780,15.20,15.20,14.75,14.80,-0.05,291,2617,台航
2016/03/03,971269,14610535,15.30,15.30,14.85,14.85,-0.25,400,2617,台航
2016/03/02,1781210,26887522,14.90,15.45,14.80,15.10,0.25,697,2617,台航
2016/03/01,1537484,22474985,14.00,15.00,13.90,14.85,0.85,631,2617,台航
2016/02/26,246259,3422938,13.85,14.00,13.80,14.00,0.15,114,2617,台航
2016/02/25,167142,2325194,14.10,14.10,13.85,13.85,-0.15,107,2617,台航
2016/02/24,653394,9295005,13.90,14.45,13.90,14.00,0.15,310,2617,台航
2016/02/23,440770,6117462,13.70,14.00,13.55,13.85,0.15,205,2617,台航
2016/02/22,727807,9931805,12.90,14.00,12.90,13.70,0.85,337,2617,台航
2016/02/19,78100,996420,12.65,12.85,12.60,12.85,0.20,64,2617,台航
2016/02/18,58741,744546,12.75,12.75,12.60,12.65,-0.10,38,2617,台航
2016/02/17,79006,1004476,12.60,12.80,12.60,12.75,0.05,35,2617,台航
2016/02/16,43830,553108,12.65,12.70,12.55,12.70,0.30,28,2617,台航
2016/02/15,147200,1840639,12.55,12.60,12.40,12.40,-0.20,55,2617,台航
2016/02/03,46000,578550,12.50,12.65,12.50,12.60,0.00,33,2617,台航
2016/02/02,65000,817900,12.70,12.70,12.50,12.60,0.10,31,2617,台航
2016/02/01,105000,1312300,12.50,12.60,12.40,12.50,0.00,37,2617,台航
2016/01/30,84115,1049560,12.40,12.50,12.40,12.50,0.00,36,2617,台航
2016/01/29,71000,882600,12.40,12.50,12.25,12.50,0.15,31,2617,台航
2016/01/28,22115,273664,12.30,12.45,12.30,12.35,0.05,19,2617,台航
2016/01/27,17000,210350,12.45,12.45,12.25,12.30,-0.10,15,2617,台航
2016/01/26,63000,772900,12.20,12.40,12.20,12.40,-0.05,44,2617,台航
2016/01/25,105000,1296300,12.30,12.55,12.25,12.45,0.15,68,2617,台航
2016/01/22,76089,948462,12.80,12.80,12.30,12.30,-0.05,56,2617,台航
2016/01/21,176200,2161639,12.25,12.40,12.25,12.35,0.00,63,2617,台航
2016/01/20,204100,2554995,12.60,12.65,12.35,12.35,-0.10,131,2617,台航
2016/01/19,63339,794253,12.70,12.70,12.40,12.45,-0.05,45,2617,台航
2016/01/18,90000,1121350,12.25,12.70,12.25,12.50,0.20,46,2617,台航
2016/01/15,327192,4019511,12.30,12.40,12.25,12.30,0.05,91,2617,台航
2016/01/14,395050,4876662,12.25,12.50,12.20,12.25,0.10,148,2617,台航
2016/01/08,49206,608114,12.20,12.45,12.20,12.35,0.00,42,2617,台航
2016/01/07,269836,3351993,13.05,13.10,12.10,12.35,-0.70,143,2617,台航
2016/01/06,69500,905575,13.20,13.30,12.95,13.05,-0.15,46,2617,台航
2016/01/05,80007,1045892,12.90,13.30,12.90,13.20,-0.10,39,2617,台航
2016/01/04,78206,1056560,13.80,13.80,13.30,13.30,-0.50,49,2617,台航
2015/12/31,200100,2718285,13.55,13.80,13.30,13.80,0.25,75,2617,台航
2015/12/30,151820,2048787,13.70,13.70,13.30,13.55,-0.05,85,2617,台航
2015/12/29,179200,2399338,13.45,13.60,13.20,13.60,0.15,80,2617,台航
2015/12/28,536306,7213596,13.00,13.70,12.90,13.45,0.60,247,2617,台航
2015/12/25,161281,2060246,12.60,12.85,12.60,12.85,0.30,78,2617,台航
2015/12/24,96260,1209100,12.60,12.70,12.50,12.55,0.05,61,2617,台航
2015/12/23,69795,872308,12.50,12.60,12.45,12.50,0.00,45,2617,台航
2015/12/22,89246,1129236,12.80,12.80,12.50,12.50,-0.15,56,2617,台航
2015/12/21,124100,1546185,12.30,12.70,12.20,12.65,0.35,55,2617,台航
2015/12/18,89007,1103238,12.55,12.60,12.30,12.30,-0.30,39,2617,台航
2015/12/17,97000,1226300,12.60,12.75,12.50,12.60,0.05,64,2617,台航
2015/12/16,166000,2059800,12.20,12.55,12.20,12.55,0.55,86,2617,台航
2015/12/15,151201,1805651,12.00,12.10,11.75,12.00,0.20,76,2617,台航
2015/12/14,43613,511623,11.65,11.85,11.55,11.80,0.15,37,2617,台航
2015/12/11,61167,719745,11.75,11.85,11.65,11.65,-0.05,36,2617,台航
2015/12/08,67001,799161,12.00,12.10,11.85,11.85,-0.15,41,2617,台航
2015/12/07,50222,606785,12.25,12.25,12.00,12.00,0.05,37,2617,台航
2015/12/04,122500,1465574,12.10,12.10,11.90,11.95,-0.05,42,2617,台航
2015/12/03,69510,836620,12.10,12.15,12.00,12.00,-0.15,44,2617,台航
2015/12/02,69200,837470,12.25,12.30,11.90,12.15,0.15,56,2617,台航
2015/12/01,66501,799712,12.10,12.15,11.95,12.00,0.15,51,2617,台航
2015/11/30,865488,10259355,12.10,12.10,11.70,11.85,-0.35,288,2617,台航
2015/11/27,65600,799798,12.40,12.40,12.10,12.20,0.00,56,2617,台航
2015/11/26,141000,1720750,12.05,12.45,12.05,12.20,0.15,106,2617,台航
2015/11/25,186100,2259325,12.30,12.35,12.05,12.05,-0.25,130,2617,台航
2015/11/24,172000,2121250,12.50,12.50,12.25,12.30,-0.20,129,2617,台航
2015/11/23,225398,2832374,12.85,12.85,12.45,12.50,-0.35,167,2617,台航
2015/11/20,138423,1768827,12.85,12.90,12.75,12.85,0.00,102,2617,台航
2015/11/19,203119,2614088,12.95,12.95,12.80,12.85,-0.15,127,2617,台航
2015/11/18,62200,805300,12.95,13.05,12.90,13.00,0.05,48,2617,台航
2015/11/17,61000,791800,12.95,13.05,12.95,12.95,0.00,45,2617,台航
2015/11/16,141008,1814454,12.80,13.00,12.80,12.95,-0.15,88,2617,台航
2015/11/13,109100,1411560,13.00,13.10,12.85,13.10,-0.05,64,2617,台航
2015/11/12,70438,926236,13.15,13.30,13.10,13.15,-0.05,48,2617,台航
2015/11/11,111250,1477036,13.50,13.50,13.10,13.20,-0.30,67,2617,台航
2015/11/10,87000,1176200,13.50,13.60,13.45,13.50,-0.15,54,2617,台航
2015/11/09,109175,1484250,13.60,13.70,13.55,13.65,-0.05,60,2617,台航
2015/11/06,43250,591900,13.65,13.75,13.60,13.70,-0.10,30,2617,台航
2015/11/05,100202,1374356,13.80,13.80,13.60,13.80,0.00,73,2617,台航
2015/11/04,162259,2217348,13.50,13.85,13.45,13.80,0.20,113,2617,台航
2015/11/03,162000,2191300,13.60,13.70,13.45,13.60,0.05,74,2617,台航
2015/11/02,72420,977419,13.50,13.60,13.40,13.55,-0.05,53,2617,台航
2015/10/30,67250,914211,13.60,13.75,13.50,13.60,-0.20,54,2617,台航
2015/10/29,117420,1621646,13.85,13.90,13.70,13.80,0.00,45,2617,台航
2015/10/28,206000,2845650,13.90,13.90,13.80,13.80,-0.15,35,2617,台航
2015/10/27,94300,1308894,14.00,14.00,13.80,13.95,-0.05,43,2617,台航
2015/10/26,260000,3583650,13.80,14.20,13.60,14.00,0.25,113,2617,台航
2015/10/23,90543,1239034,13.85,13.85,13.60,13.75,0.05,45,2617,台航
2015/10/22,129007,1761296,13.70,13.70,13.60,13.70,0.00,64,2617,台航
2015/10/21,51000,696150,13.75,13.80,13.60,13.70,0.05,24,2617,台航
2015/10/20,32586,444618,13.60,13.65,13.60,13.65,-0.10,24,2617,台航
2015/10/19,86257,1173108,13.85,13.85,13.55,13.75,0.15,76,2617,台航
2015/10/16,65008,887609,13.70,13.75,13.60,13.60,-0.05,57,2617,台航
2015/10/15,140048,1916807,13.75,13.75,13.65,13.65,-0.10,83,2617,台航
2015/10/14,233000,3199250,13.50,13.80,13.50,13.75,0.15,127,2617,台航
2015/10/13,258000,3463700,13.25,13.65,13.25,13.60,0.35,141,2617,台航
2015/10/12,253232,3358946,13.45,13.45,13.20,13.25,0.05,144,2617,台航
2015/10/08,43674,578429,13.20,13.35,13.15,13.20,0.00,31,2617,台航
2015/10/07,145095,1913607,13.20,13.35,13.15,13.20,-0.05,93,2617,台航
2015/10/06,77430,1032590,13.45,13.45,13.25,13.25,0.00,49,2617,台航
2015/10/05,146025,1929779,13.00,13.40,13.00,13.25,0.35,106,2617,台航
2015/10/02,147917,1909081,12.85,13.00,12.85,12.90,-0.05,36,2617,台航
2015/10/01,78000,1004350,12.80,12.95,12.80,12.95,0.20,51,2617,台航
2015/09/30,130000,1655200,12.85,12.85,12.70,12.75,-0.10,68,2617,台航
2015/09/25,133000,1713600,13.10,13.10,12.80,12.85,-0.25,75,2617,台航
2015/09/24,84150,1107802,13.20,13.30,13.10,13.10,-0.10,56,2617,台航
2015/09/23,103002,1371628,13.50,13.55,13.20,13.20,-0.40,59,2617,台航
2015/09/22,99140,1350180,13.80,13.80,13.55,13.60,-0.05,43,2617,台航
2015/09/21,177000,2423600,14.00,14.00,13.60,13.65,-0.45,115,2617,台航
2015/09/18,167100,2326909,13.75,14.15,13.65,14.10,0.35,101,2617,台航
2015/09/17,132000,1798100,13.55,13.75,13.55,13.75,0.20,73,2617,台航
2015/09/16,139000,1869050,13.40,13.60,13.40,13.55,0.25,56,2617,台航
2015/09/15,121039,1619072,13.25,13.50,13.25,13.30,-0.15,63,2617,台航
2015/09/14,125408,1681127,13.35,13.50,13.25,13.45,0.10,65,2617,台航
2015/09/11,156025,2088635,13.35,13.50,13.15,13.35,0.00,91,2617,台航
2015/09/10,75481,1002097,13.10,13.40,13.10,13.35,0.15,62,2617,台航
2015/09/09,326574,4288784,12.70,13.30,12.70,13.20,0.60,184,2617,台航
2015/09/08,102097,1289941,12.50,12.90,12.50,12.60,0.05,48,2617,台航
2015/09/07,109025,1368435,12.65,12.65,12.45,12.55,-0.10,47,2617,台航
2015/09/04,130306,1644115,12.65,12.70,12.55,12.65,0.15,74,2617,台航
2015/09/03,236000,2959450,12.45,12.65,12.40,12.50,0.05,102,2617,台航
2015/09/02,117613,1445628,12.30,12.50,12.20,12.45,0.05,72,2617,台航
2015/09/01,211400,2615870,12.35,12.50,12.30,12.40,0.05,104,2617,台航
2015/08/31,272225,3361130,12.55,12.55,12.25,12.35,-0.20,103,2617,台航
2015/08/28,353000,4397100,12.05,12.55,12.05,12.55,0.55,151,2617,台航
2015/08/27,476000,5674350,11.85,12.00,11.80,12.00,0.20,286,2617,台航
2015/08/26,414100,4726105,11.20,11.90,11.20,11.80,0.15,188,2617,台航
2015/08/25,463046,5329883,11.15,11.80,11.15,11.65,-0.15,209,2617,台航
2015/08/24,870352,10419418,12.50,12.75,11.65,11.80,-1.10,391,2617,台航
2015/08/21,871145,11287768,12.90,13.20,12.90,12.90,-0.85,296,2617,台航
2015/08/20,312060,4334161,14.25,14.30,13.70,13.75,-0.55,157,2617,台航
2015/08/19,563041,8087977,14.70,14.70,14.05,14.30,-0.60,247,2617,台航
2015/08/18,396013,5944596,15.30,15.30,14.80,14.90,-0.40,145,2617,台航
2015/08/17,328577,5036985,15.45,15.60,15.25,15.30,-0.30,104,2617,台航
2015/08/14,85001,1323215,15.55,15.60,15.50,15.60,0.05,49,2617,台航
2015/08/13,145666,2250789,15.40,15.55,15.35,15.55,0.05,88,2617,台航
2015/08/12,336300,5225570,15.70,15.95,15.45,15.50,-0.30,143,2617,台航
2015/08/11,155000,2462400,16.10,16.10,15.70,15.80,-0.30,125,2617,台航
2015/08/10,232000,3738600,15.80,16.30,15.80,16.10,0.45,134,2617,台航
2015/08/07,86500,1359150,15.75,15.80,15.60,15.65,-0.10,55,2617,台航
2015/08/06,253299,4004408,16.00,16.00,15.70,15.75,0.00,110,2617,台航
2015/08/05,690386,11220099,16.15,16.45,16.15,16.40,0.30,195,2617,台航
2015/08/04,257100,4180834,16.35,16.40,16.10,16.10,-0.20,102,2617,台航
2015/08/03,336433,5458236,16.50,16.50,16.05,16.30,-0.20,146,2617,台航
2015/07/31,117200,1934290,16.55,16.55,16.45,16.50,-0.05,61,2617,台航
2015/07/30,154000,2552800,16.40,16.70,16.40,16.55,0.15,91,2617,台航
2015/07/29,121152,1977892,16.40,16.40,16.25,16.40,0.05,66,2617,台航
2015/07/28,238000,3885950,16.50,16.50,16.20,16.35,0.05,131,2617,台航
2015/07/27,655395,10877185,17.05,17.10,16.30,16.30,-0.85,212,2617,台航
2015/07/24,72663,1245437,17.25,17.25,17.10,17.15,-0.05,38,2617,台航
2015/07/23,173000,2975100,17.20,17.30,17.15,17.20,-0.05,92,2617,台航
2015/07/22,152659,2637218,17.40,17.40,17.15,17.25,0.05,60,2617,台航
2015/07/21,132286,2281239,17.30,17.40,17.20,17.20,-0.10,53,2617,台航
2015/07/20,169000,2938200,17.55,17.55,17.30,17.30,-0.05,73,2617,台航
2015/07/17,260100,4533539,17.60,17.60,17.35,17.35,-0.05,147,2617,台航
2015/07/16,286200,4983300,17.45,17.55,17.30,17.40,0.15,116,2617,台航
2015/07/15,247128,4271495,17.30,17.35,17.20,17.25,0.00,111,2617,台航
2015/07/14,240200,4176930,17.35,17.55,17.25,17.25,-0.10,131,2617,台航
2015/07/13,154300,2666360,17.40,17.55,17.15,17.35,0.25,72,2617,台航
2015/07/09,185100,3154620,17.00,17.15,16.85,17.10,0.05,94,2617,台航
2015/07/08,323087,5545646,17.40,17.40,17.05,17.05,-0.35,136,2617,台航
2015/07/07,231343,4017295,17.10,17.45,17.10,17.40,0.35,125,2617,台航
2015/07/06,130200,2223750,17.10,17.10,17.05,17.05,-0.05,62,2617,台航
2015/07/03,207018,3549061,17.30,17.30,17.10,17.10,-0.15,116,2617,台航
2015/07/02,296000,5129350,17.30,17.45,17.25,17.25,-0.05,117,2617,台航
2015/07/01,110825,1918237,17.30,17.40,17.25,17.30,0.00,54,2617,台航
2015/06/30,106000,1819950,17.05,17.30,17.05,17.30,0.20,52,2617,台航
2015/06/29,345363,5947588,17.60,17.60,17.05,17.10,-0.50,130,2617,台航
2015/06/26,196300,3470850,17.80,17.80,17.60,17.60,-0.20,90,2617,台航
2015/06/25,603000,10704450,17.50,17.90,17.40,17.80,0.40,203,2617,台航
2015/06/24,232000,4040350,17.50,17.50,17.30,17.40,0.05,104,2617,台航
2015/06/23,226557,3919480,17.35,17.35,17.25,17.35,0.10,114,2617,台航
2015/06/22,255000,4385900,17.35,17.40,17.10,17.25,0.00,86,2617,台航
2015/06/18,364000,6262650,17.10,17.35,17.05,17.25,0.30,161,2617,台航
2015/06/17,511000,8631300,17.00,17.05,16.80,16.95,-0.05,232,2617,台航
2015/06/16,160016,2724338,17.15,17.15,16.90,17.00,-0.10,53,2617,台航
2015/06/15,144343,2449502,16.90,17.15,16.90,17.10,0.10,72,2617,台航
2015/06/12,305649,5211383,17.30,17.30,16.95,17.00,-0.30,129,2617,台航
2015/06/11,364719,6253716,17.20,17.30,16.95,17.30,0.10,184,2617,台航
2015/06/10,180815,3073285,16.85,17.20,16.85,17.20,0.35,112,2617,台航
2015/06/09,418966,7153222,17.50,17.50,16.70,16.85,-0.65,188,2617,台航
2015/06/08,244050,4268680,17.75,17.80,17.40,17.50,-0.25,110,2617,台航
2015/06/05,351000,6253850,17.95,17.95,17.70,17.75,-0.20,160,2617,台航
2015/06/04,460200,8315670,18.35,18.35,17.90,17.95,-0.30,209,2617,台航
2015/06/03,240196,4375906,18.30,18.35,18.15,18.25,0.05,118,2617,台航
2015/06/02,140649,2564296,18.25,18.30,18.20,18.20,-0.05,71,2617,台航
2015/06/01,115000,2093550,18.30,18.30,18.15,18.25,-0.05,55,2617,台航
2018/09/06,2067000,36193050,17.90,17.90,17.40,17.50,-0.50,1078,2617,台航
2018/09/06,2067000,36193050,17.90,17.90,17.40,17.50,-0.50,1078,2617,台航
2018/09/07,1358000,24133450,17.45,18.00,17.45,17.75,0.25,689,2617,台航
2018/09/06,2067150,36195735,17.90,17.90,17.40,17.50,-0.50,1079,2617,台航
2018/09/07,1359336,24157214,17.45,18.00,17.45,17.75,0.25,692,2617,台航
2018/09/10,1631447,28868497,17.75,18.05,17.20,17.50,-0.25,718,2617,台航
2018/09/11,1006500,17784123,17.45,17.90,17.45,17.75,0.25,494,2617,台航
2018/09/12,1621229,29121943,17.75,18.15,17.65,18.10,0.35,778,2617,台航
2018/09/13,981115,17558208,18.00,18.00,17.75,17.90,-0.20,527,2617,台航
2018/09/14,773000,13752699,17.90,18.00,17.65,17.75,-0.15,338,2617,台航
2018/09/17,375000,6668800,17.75,17.90,17.65,17.90,0.15,180,2617,台航
2018/09/17,377300,6710000,17.75,17.90,17.65,17.90,0.15,184,2617,台航
2018/09/18,2163200,39520800,17.95,18.45,17.90,18.10,0.20,1094,2617,台航
2018/09/19,571598,10374303,18.05,18.25,18.05,18.25,0.15,343,2617,台航
2018/09/20,706011,12941253,18.30,18.45,18.25,18.30,0.05,362,2617,台航
2018/09/21,1351045,25052950,18.40,18.75,18.35,18.55,0.25,622,2617,台航
2018/09/25,2708564,51553870,18.65,19.30,18.65,19.20,0.65,928,2617,台航
2018/09/26,2968005,57156349,19.20,19.40,19.05,19.20,0.00,1085,2617,台航
2018/09/27,6155854,121790084,19.30,20.10,19.30,19.95,0.75,2483,2617,台航
2018/09/28,4806699,95614720,20.10,20.40,19.45,19.80,-0.15,2083,2617,台航
2018/10/01,3729800,74992129,19.90,20.30,19.90,20.20,0.40,1555,2617,台航
2018/10/02,2977450,60293704,20.25,20.40,20.10,20.35,0.15,1264,2617,台航
2018/10/03,7506500,156762948,20.40,21.10,20.35,21.00,0.65,2745,2617,台航
2018/10/04,3974000,83498700,21.20,21.25,20.70,21.15,0.15,1684,2617,台航
2018/10/04,3993114,83902957,21.20,21.25,20.70,21.15,0.15,1700,2617,台航
2018/10/05,3786396,76439064,20.65,20.95,19.50,20.00,-1.15,1682,2617,台航
2018/10/05,3786396,76439064,20.65,20.95,19.50,20.00,-1.15,1682,2617,台航
2018/10/08,5637290,117933177,20.10,21.25,20.10,21.05,1.05,2240,2617,台航
2018/10/09,5190079,108885989,20.95,21.30,20.60,21.30,0.25,2069,2617,台航
2018/10/11,5319636,108150704,20.40,20.70,19.90,20.45,-0.85,2216,2617,台航
2018/10/12,5624140,116821459,20.25,21.00,20.25,20.95,0.50,2236,2617,台航
2018/10/15,21882786,494435178,21.30,23.00,21.25,23.00,2.05,7439,2617,台航
2018/10/16,16231009,367177447,23.30,23.45,22.00,22.65,-0.35,7119,2617,台航
2018/10/17,7842293,179261030,23.20,23.35,22.40,22.70,0.05,3685,2617,台航
2018/10/18,8690060,200209890,22.50,23.35,22.50,23.20,0.50,3858,2617,台航
2018/10/19,6761210,154870595,23.10,23.20,22.45,22.45,-0.75,3112,2617,台航
2018/10/22,4542546,102198478,22.45,22.95,22.10,22.30,-0.15,2248,2617,台航
2018/10/23,3089010,69248527,22.40,22.70,22.25,22.40,0.10,1522,2617,台航
2018/10/24,5309930,115169846,22.20,22.50,21.30,21.30,-1.10,2612,2617,台航
2018/10/25,5000666,102636518,20.40,20.90,20.10,20.70,-0.60,1927,2617,台航
2018/10/26,3486615,71419960,21.30,21.30,19.90,20.10,-0.60,1648,2617,台航
2018/10/29,3082500,62878799,20.15,20.80,19.95,20.45,0.35,1211,2617,台航
2018/10/30,2128840,43475207,20.50,20.75,20.15,20.30,-0.15,1003,2617,台航
2018/10/30,2128840,43475207,20.50,20.75,20.15,20.30,-0.15,1003,2617,台航
2018/10/31,1887320,38418879,20.60,20.60,20.20,20.30,0.00,998,2617,台航
2018/11/01,2051202,41334115,20.35,20.50,19.90,19.90,-0.40,1033,2617,台航
2018/11/01,2051202,41334115,20.35,20.50,19.90,19.90,-0.40,1033,2617,台航
2018/11/02,4109510,79713869,19.55,19.80,19.10,19.60,-0.30,2029,2617,台航
2018/11/05,2323163,46343810,19.70,20.35,19.65,19.65,0.05,1131,2617,台航
2018/11/06,1534950,29788090,19.60,19.70,19.25,19.30,-0.35,745,2617,台航
2018/11/07,1131237,22082384,19.70,19.70,19.35,19.40,0.10,570,2617,台航
2018/11/08,1624078,31240955,19.40,19.50,19.05,19.25,-0.15,636,2617,台航
2018/11/09,4203500,76860100,19.15,19.15,17.85,18.05,-1.20,1832,2617,台航
2018/11/12,1495100,27126590,18.00,18.30,17.85,18.20,0.15,887,2617,台航
2018/11/13,1524000,27581350,17.85,18.35,17.65,18.20,0.00,671,2617,台航
2018/11/14,1433069,26191873,18.20,18.40,18.15,18.35,0.15,652,2617,台航
2018/11/15,4118000,76933350,18.80,19.20,18.45,18.60,0.25,1731,2617,台航
2018/11/16,7256600,138833480,19.05,19.50,18.70,19.35,0.75,2903,2617,台航
2018/11/16,7256600,138833480,19.05,19.50,18.70,19.35,0.75,2903,2617,台航
2018/11/16,7256600,138833480,19.05,19.50,18.70,19.35,0.75,2903,2617,台航
2018/11/19,2046100,39656295,19.40,19.60,19.20,19.45,0.10,929,2617,台航
2018/11/20,1524067,29223056,19.25,19.35,19.05,19.10,-0.35,605,2617,台航
2018/11/21,1333611,25269392,19.15,19.15,18.75,19.10,0.00,648,2617,台航
2018/11/22,1822200,34603360,19.10,19.25,18.70,18.70,-0.40,767,2617,台航
2018/11/23,2093049,38580161,18.85,18.85,18.25,18.35,-0.35,788,2617,台航
2018/11/26,2752300,52057380,18.55,19.20,18.40,18.95,0.60,1097,2617,台航
2018/11/27,1649228,31250643,19.00,19.05,18.80,19.00,0.05,743,2617,台航
